21,Martin,Louis,1970-06-15,FR,0,0,22
22,Martin,Emma,1971-08-20,FR,x,x,21
23,Martin,Nathan,1993-10-10,FR,21,22,26
24,Martin,Jade,1995-12-25,FR,21,22,0
25,Martin,Leo,1997-03-18,FR,21,22,27
26,Martin,Eva,1999-05-30,FR,x,x,23
27,Martin,Louise,2000-07-05,FR,x,x,25
28,Martin,Adam,2022-09-12,FR,23,26,29
29,Martin,Juliette,2027-01-15,FR,x,x,28
30,Martin,Chloe,2029-03-20,FR,25,27,0
31,Martin,Enzo,2031-05-10,FR,25,27,33
32,Martin,Lucas,2033-07-25,FR,25,27,34
33,Martin,Lena,2035-09-30,FR,x,x,31
34,Martin,Lola,2037-12-05,FR,x,x,32
35,Martin,Liam,2059-02-20,FR,28,29,0
36,Martin,Louka,2061-04-30,FR,31,33,0
37,Martin,Maelle,2063-06-15,FR,32,34,38
38,Martin,Mila,2065-08-10,FR,x,x,37
39,Martin,Mael,2087-10-28,FR,37,38,0
40,Martin,Maelys,2089-12-05,FR,37,38,0
1,Dubois,Alice,1970-05-15,FR,x,x,2
2,Dubois,Louis,1971-07-20,FR,0,0,1
3,Dubois,Charlotte,1993-09-10,FR,x,x,4
4,Dubois,Hugo,1995-11-25,FR,2,1,3
5,Dubois,Emma,1997-02-18,FR,x,x,6
6,Dubois,Gabriel,1999-04-30,FR,2,1,5
7,Dubois,Chloe,2000-06-05,FR,2,1,0
8,Dubois,Lucas,2022-08-12,FR,4,3,0
9,Dubois,Eva,2024-10-28,FR,4,3,0
10,Dubois,Mathis,2026-12-15,FR,4,3,11
11,Dubois,Lea,2028-02-20,FR,x,x,10
12,Dubois,Nathan,2025-04-10,FR,6,5,13
13,Dubois,Manon,2028-06-25,FR,x,x,12
14,Dubois,Raphael,2054-08-30,FR,10,11,16
15,Dubois,Zoe,2056-10-05,FR,10,11,0
16,Dubois,Louise,2058-12-20,FR,x,x,14
17,Dubois,Noah,2050-02-25,FR,12,13,0
18,Dubois,Maeva,2052-04-15,FR,12,13,0
19,Dubois,Arthur,2084-06-01,FR,14,16,0
20,Dubois,Juliette,2086-08-10,FR,14,16,0